<?xml version="1.0" encoding="UTF-8"?>
<project-private xmlns="http://www.netbeans.org/ns/project-private/1">
    <editor-bookmarks xmlns="http://www.netbeans.org/ns/editor-bookmarks/2" lastBookmarkId="2">
        <file>
            <url>block_game.php</url>
            <bookmark id="2">
                <name/>
                <line>131</line>
                <key/>
            </bookmark>
        </file>
        <file>
            <url>lang/pt_br/block_game.php</url>
            <bookmark id="1">
                <name/>
                <line>96</line>
                <key/>
            </bookmark>
        </file>
    </editor-bookmarks>
    <open-files xmlns="http://www.netbeans.org/ns/projectui-open-files/2">
        <group>
            <file>file:/Users/jota/plugin_moodle/block_game/block_game.php</file>
            <file>file:/Users/jota/plugin_moodle/block_game/help_game.php</file>
            <file>file:/Users/jota/plugin_moodle/block_game/edit_form.php</file>
            <file>file:/Users/jota/plugin_moodle/block_game/config_game.php</file>
            <file>file:/Users/jota/plugin_moodle/block_game/lang/pt_br/block_game.php</file>
            <file>file:/Users/jota/plugin_moodle/block_game/lang/en/block_game.php</file>
        </group>
    </open-files>
</project-private>
