<?xml version="1.0" encoding="UTF-8"?>
<project-private xmlns="http://www.netbeans.org/ns/project-private/1">
    <editor-bookmarks xmlns="http://www.netbeans.org/ns/editor-bookmarks/2" lastBookmarkId="1">
        <file>
            <url>lang/pt_br/block_game.php</url>
            <bookmark id="1">
                <name/>
                <line>42</line>
                <key/>
            </bookmark>
        </file>
    </editor-bookmarks>
    <open-files xmlns="http://www.netbeans.org/ns/projectui-open-files/2">
        <group>
            <file>file:/Users/jota/Desktop/UNB/plugin%20game/simple_clock/db/access.php</file>
            <file>file:/Users/jota/Desktop/UNB/plugin%20game/simple_clock/edit_form.php</file>
            <file>file:/Users/jota/Desktop/UNB/plugin%20game/simple_clock/lang/en/block_game.php</file>
            <file>file:/Users/jota/Desktop/UNB/plugin%20game/simple_clock/block_game.php</file>
            <file>file:/Users/jota/Desktop/UNB/plugin%20game/simple_clock/version.php</file>
        </group>
    </open-files>
</project-private>
